Date,Close,High,Low,Open,Volume
2024-01-02,183.5622100830078,186.3308738952772,181.83179708633995,185.05530386559408,82488700
2024-01-03,182.187744140625,183.79950485996184,181.37691491631995,182.15808112880916,58414500
2024-01-04,179.87393188476562,181.04071720671112,178.85546161628733,180.11123597031312,71983600
2024-01-05,179.152099609375,180.7144169560074,178.15340966673114,179.95304619735901,62379700
2024-01-08,183.4830780029297,183.52263874374273,179.46852282651062,180.0519155054874,59144500
2024-01-09,183.0677947998047,183.07767744176536,180.68476543102267,181.8614486084712,42841800
2024-01-10,184.1060333251953,184.31367440860302,181.8614365329183,182.2866315170422,46792900
2024-01-11,183.51275634765625,184.9564217479187,181.56480461990643,184.45212033242825,49128400
2024-01-12,183.83908081054688,184.6499101684802,183.11725559073133,183.9775132511691,40477800
2024-01-16,181.57467651367188,182.19761480887055,178.90488492167398,180.1211286782067,65603000
2024-01-17,180.63531494140625,180.8825167727283,178.281963767062,179.24110807963172,47317400
2024-01-18,186.5187225341797,187.02300881659582,183.75005912545993,184.0071435872404,78005800
2024-01-19,189.41592407226562,189.80155831594578,186.70660172518024,187.21088801676132,68903000
2024-01-22,191.71983337402344,193.14371820043874,190.1080727596782,190.14763349819026,60133900
2024-01-23,192.99539184570312,193.55901922053994,191.660511110776,192.83719415255706,42355600
2024-01-24,192.32301330566406,194.18197579456825,192.16480052192722,193.23271418014866,53631300
2024-01-25,191.99671936035156,194.07322080915367,190.94858599423335,193.03497008475262,54822100
2024-01-26,190.2662811279297,192.5800863732271,189.7916578927919,192.09558049769083,44594000
2024-01-29,189.58401489257812,190.04875551955823,187.4580852833725,189.86087972294905,47145600
2024-01-30,185.93533325195312,189.65325866018404,185.37172089064353,188.80288370915284,55859400
2024-01-31,182.3360595703125,185.00585134318092,182.28663127585358,184.94651023142666,55467800
2024-02-01,184.76853942871094,184.85752846784007,181.76257176566293,181.93066720224104,64885400
2024-02-02,183.7698516845703,185.23328233515724,177.2437171517322,177.84689023760967,102551700
2024-02-05,185.57936096191406,187.13179578344227,183.75995901240586,186.04410163536497,69668800
2024-02-06,187.1812286376953,187.19111127921153,184.67954732588265,184.76853636353553,43490800
2024-02-07,187.2899932861328,188.91163664571195,186.49894443287428,188.50622203381667,53439000
2024-02-08,186.21218872070312,187.41851968576853,185.25304448034683,187.27020463334281,40962000
2024-02-09,186.97451782226562,188.10319576406224,186.13295321429996,186.7764919564484,45155200
2024-02-12,185.29141235351562,186.796321504533,184.9349868995182,186.54880424779185,41781900
2024-02-13,183.20237731933594,184.36077144619387,181.68757282391297,183.92513863049606,56529500
2024-02-14,182.32119750976562,183.68749754312392,180.6281880058035,183.47959151637605,54630500
2024-02-15,182.0341033935547,182.65785175424014,179.54903541760635,181.727184392981,65434500
2024-02-16,180.49951171875,183.01429592290478,179.8658680410646,181.59848912459182,49752500
2024-02-20,179.75692749023438,180.61828269677792,178.21242224791314,179.98463913307552,53665600
2024-02-21,180.5093994140625,181.0737309260645,178.86588113831095,180.13316833455778,41371400
2024-02-22,182.53900146484375,183.12315360761588,180.64798131414128,181.65784073265692,52292200
2024-02-23,180.70741271972656,183.20237592421455,180.42028422645075,183.17267506039363,45119700
2024-02-26,179.3609161376953,180.9450175834942,178.85597124394113,180.43019254491847,40867400
2024-02-27,180.8163299560547,182.09351248592515,177.77681047698752,179.30152539649055,54318900
2024-02-28,179.6183319091797,181.30144633523983,178.34114943443706,180.69750358801915,48953900
2024-02-29,178.95497131347656,180.75690414056305,177.74708592784262,179.46981142225187,136682600
2024-03-01,177.8758087158203,178.73716395290236,175.61845249589473,177.76690051629518,73563100
2024-03-04,173.361083984375,175.14319605787904,172.06408093389737,174.40064432483445,81510100
2024-03-05,168.4305419921875,170.33147275577412,167.93550746706842,169.0641855800497,95132400
2024-03-06,167.44046020507812,169.53941670485264,167.00482743895031,169.36119643359416,68587700
2024-03-07,167.3216552734375,169.0344703547855,166.81672553933012,167.47015957545335,71765100
2024-03-08,169.0345001220703,171.97500667784078,167.2622830078253,167.3216847390924,76267000
2024-03-11,171.034423828125,172.64824117092596,170.34137853305091,171.22253935977105,60139500
2024-03-12,171.50965881347656,172.3017170819102,169.31170429451927,171.43045147590772,59825400
2024-03-13,169.43052673339844,171.4700666239107,169.06419090034882,171.05423942259554,52488700
2024-03-14,171.2819366455078,172.57892461566286,170.34137411890524,171.1928340614332,72913500
2024-03-15,170.9057159423828,170.9057159423828,168.59885322457814,169.47011882986195,121752700
2024-03-18,171.99481201171875,175.94519331439105,171.79680120539754,173.82644596151624,75604200
2024-03-19,174.3313751220703,174.8561105550952,171.31166123855039,172.6086493883763,55215200
2024-03-20,176.89561462402344,176.89561462402344,173.35116602745083,173.97491429018868,53423100
2024-03-21,169.66815185546875,175.72738555690037,169.14341639458797,175.2917526971676,106181300
2024-03-22,170.56907653808594,171.33143385532912,168.37112227286767,170.05423645695066,71160100
2024-03-25,169.15330505371094,170.2324767040703,167.76719930445816,168.87608692531137,54288300
2024-03-26,168.02462768554688,169.71763732680742,167.8959138727621,168.31174106723407,57388400
2024-03-27,171.5888671875,171.87599567632833,168.42064920188324,168.71767294274684,60273300
2024-03-28,169.77703857421875,170.51959037094832,168.81667037520143,170.0443614510728,65672700
2024-04-01,168.34144592285156,169.54933141950085,167.79690490268092,169.48992969134684,46240500
2024-04-02,167.16326904296875,167.65830361021796,166.55932626663449,167.40089107386055,49329500
2024-04-03,167.9652099609375,168.98497988400436,166.90584392266877,167.11374996517486,47691700
2024-04-04,167.1434783935547,170.2126836435028,167.1434783935547,168.59886612133832,53704400
2024-04-05,167.89590454101562,168.69785802201392,167.27215623034843,167.90579979250484,42104800
2024-04-08,166.7771453857422,167.51969724864153,166.56923932419392,167.35138730592178,37425500
2024-04-09,167.9850311279297,168.3909631058002,166.6781477036779,167.02466284236104,42373800
2024-04-10,166.11380004882812,167.41078821247058,165.45045553411236,167.1236748074244,49709300
2024-04-11,173.30169677734375,173.7175391133101,166.49003132152566,166.66823651643443,91070300
2024-04-12,174.7967071533203,176.58872985356905,172.47994902506244,172.52944039553972,101670900
2024-04-15,170.97503662109375,174.8759113224836,170.7869210734751,173.61851932570818,73531800
2024-04-16,167.69789123535156,172.03438316124112,166.59891404642835,170.0443499195711,73711200
2024-04-17,166.3315887451172,168.9552655008738,166.3315887451172,167.9256004082147,50901200
2024-04-18,165.38111877441406,166.96523521407434,164.8959946340493,166.36129252101995,43122900
2024-04-19,163.3614044189453,164.7474951408098,162.4505426435407,164.55939469854349,68149400
2024-04-22,164.19302368164062,165.59891971474525,163.1336578084027,163.8762094876148,48116400
2024-04-23,165.24253845214844,165.39105789202225,163.2822057253187,163.70794332424896,49537800
2024-04-24,167.34149169921875,167.6187098522012,164.5593998092657,164.8861093338651,48251800
2024-04-25,168.20285034179688,168.91570135131437,166.48012455092012,167.84642483703811,50558300
2024-04-26,167.6186981201172,169.63843239437367,167.49987955768663,168.19293999888993,44838400
2024-04-29,171.7769775390625,174.28185098854456,171.38095596804143,171.64826373021612,68169400
2024-04-30,168.63845825195312,173.25218351807536,168.31173366197407,171.6086653165762,65934800
2024-05-01,167.6186981201172,170.99483730573115,167.43058257791944,167.8959162536964,50383100
2024-05-02,171.3116455078125,171.69777183075684,169.19289835753364,170.79680537480178,94214900
2024-05-03,181.55886840820312,185.14291355827163,180.84601747897057,184.7963833456082,163224100
2024-05-06,179.9054718017578,182.37073431535399,178.62827413884693,180.53911545314375,78569700
2024-05-07,180.58859252929688,183.06376520709566,179.51933122687228,181.6281680754234,77305800
2024-05-08,180.9252471923828,181.25197183429347,179.64804949152685,181.03415540635302,45057100
2024-05-09,182.73703002929688,182.82613260743545,180.30145380940453,180.74698180735047,48983000
2024-05-10,181.47796630859375,183.50044009541958,180.56586910059414,183.31206939842306,50759500
2024-05-13,184.6802215576172,185.49318663872077,183.0344740478803,183.84743912898392,72044800
2024-05-14,185.8203125,186.68285108112164,184.69010361608505,185.8996272619275,52393600
2024-05-15,188.0906982421875,189.01270420161362,185.76087383759318,186.2962448244031,70400000
2024-05-16,188.2096405029297,189.458829238671,188.03119361367854,188.83423487080034,52845200
2024-05-17,188.23939514160156,189.17132485957902,187.55531842828847,187.88248620977504,41282900
2024-05-20,189.3993377685547,190.2717851507536,187.38677266186554,187.70403175639103,44361300
2024-05-21,190.6980743408203,191.07480055486454,189.28034753675723,189.44888573499304,42309400
2024-05-22,189.2605438232422,191.16406816634918,188.63596455316463,190.6187885434668,34648500
2024-05-23,185.27505493164062,189.35966699130785,185.0272019643745,189.33983451815809,51005900
2024-05-24,188.3484344482422,188.94328765804346,186.42509288132968,187.19840810516956,36327000
2024-05-28,188.3583526611328,191.34249703943843,187.47599667367734,189.86528785982966,52280100
2024-05-29,188.65579223632812,190.59896650948673,187.88249204796585,187.98163930401122,53068000
2024-05-30,189.64720153808594,190.52955764421512,188.99288109200768,189.12175436970267,49889100
2024-05-31,190.5989532470703,190.9162123421418,188.27905284340878,189.7959119633218,75158300
2024-06-03,192.3636474609375,193.31540952983562,190.86662095571478,191.24334718637152,50080500
2024-06-04,192.680908203125,193.64257895328527,191.37223723797064,192.96841099700254,47471400
2024-06-05,194.18783569335938,195.20898869639487,193.19642383583022,193.7218709101011,54156800
2024-06-06,192.80979919433594,194.8124556459051,192.5024638984892,194.0094143560484,41181800
2024-06-07,195.1990966796875,195.24867030234284,192.47271383884646,192.97832848334124,53103900
2024-06-10,191.4614715576172,195.60558138834554,190.49980075281104,195.20900753042525,97010200
2024-06-11,205.37098693847656,205.38091074009856,191.96710777388114,191.98692512163242,172373300
2024-06-12,211.24017333984375,218.30893098905233,205.12314766198512,205.58911253699537,198134300
2024-06-13,212.4001007080078,214.888539245905,209.7827737762817,212.8958066808934,97862700
2024-06-14,210.66513061523438,213.32210737882852,209.4853479747781,212.01345147179217,70122700
2024-06-17,214.80921936035156,217.06963733267014,210.8931452933454,211.5375569916551,93728300
2024-06-18,212.44964599609375,216.7523850703462,211.17073132176122,215.7213082393038,79943300
2024-06-20,207.8792724609375,212.4001241396946,207.05641376758703,212.09277369529264,86172500
2024-06-21,205.7080841064453,210.07029091430852,205.33134270047418,208.58317289420788,241805100
2024-06-24,206.3524627685547,210.87329840415435,204.81577136869439,205.93607160503834,80727000
2024-06-25,207.27450561523438,209.5646648210329,206.81844945769743,207.35380525957078,55549700
2024-06-26,211.41860961914062,213.0147835489249,208.83102368645302,209.68363861405976,66213200
2024-06-27,212.2613067626953,213.88722177256454,210.5263358320774,212.8462361886446,49772700
2024-06-28,208.81117248535156,214.21437951883613,208.4939285392998,213.91695291908772,82542700
2024-07-01,214.88851928710938,215.6419868499251,210.09999821846176,210.2685364182596,60402900
2024-07-02,218.3782958984375,218.48735180877674,213.2526983679821,214.293668724795,58046200
2024-07-03,219.64732360839844,219.64732360839844,217.1489612238199,218.11063203893852,37369800
2024-07-05,224.3961639404297,224.5052198536283,219.7464397478406,219.7464397478406,60412400
2024-07-08,225.8634796142578,225.89322076278884,221.3327197032473,225.13973799267995,59085900
2024-07-09,226.71607971191406,227.42989753320916,224.4259205051531,225.97252074204383,48076100
2024-07-10,230.9791259765625,231.0782732115439,227.28116405346748,227.33073767095817,62627700
2024-07-11,225.61563110351562,230.39422897123262,223.83108651749725,229.40281699319425,64710600
2024-07-12,228.5601043701172,230.64207551688347,226.71607753741577,226.9540218514806,53046500
2024-07-15,232.38697814941406,235.19267606238645,231.08823078613918,234.44911702590872,62631300
2024-07-16,232.80335998535156,234.24090427881208,230.33473879844306,232.98180687397965,43234300
2024-07-17,226.9143829345703,229.47222770464353,224.6936146131452,227.4794799069808,57345900
2024-07-18,222.2547149658203,228.46096321097224,220.36112971273346,228.3023336745397,66034600
2024-07-19,222.38360595703125,224.8522270905052,221.36245288688534,222.88923571935766,49151500
2024-07-22,222.03662109375,225.82380677595344,221.174082433242,225.06041535891617,48201800
2024-07-23,223.0775909423828,224.9910238167192,220.76759935066607,222.44308791792702,39960300
2024-07-24,216.66314697265625,222.86939506256107,215.2652677100796,222.0762625279836,61777600
2024-07-25,215.6221923828125,218.95333716975932,212.77682977395946,217.04981289629316,51391200
2024-07-26,216.088134765625,217.60499369491455,214.15486954444728,216.82176985722595,41601300
2024-07-29,216.36575317382812,217.41664743865044,213.8971319294418,215.09674706599597,36311800
2024-07-30,216.92092895507812,218.43778796730905,214.2639371695869,217.3075789949067,41643800
2024-07-31,220.1727752685547,221.89783756706774,218.73523091700034,219.53827220377053,50036300
2024-08-01,216.48471069335938,222.55214689360594,215.15622233135366,222.44309097566543,62501000
2024-08-02,217.97183227539062,223.66254232334134,215.84030263063204,217.2679231335739,105568600
2024-08-05,207.4727783203125,211.66644653820467,194.31673780556494,197.38019703112641,119548600
2024-08-06,205.45028686523438,208.18659343179937,199.34320096724198,203.53686913101606,69660500
2024-08-07,208.01805114746094,211.80523672133984,204.61750047992084,205.12311510057037,63516400
2024-08-08,211.47808837890625,212.36044444161047,207.0365669160157,211.27980900719393,47161100
2024-08-09,214.38294982910156,214.91830568661297,210.149616086692,210.27850449568905,42201600
2024-08-12,215.9114532470703,217.8767166928247,213.99582080224636,214.46232494953352,38028100
2024-08-13,219.62362670898438,220.2390087017958,217.38043273085663,217.38043273085663,44155300
2024-08-14,220.07029724121094,221.37054778476931,218.06532277692483,218.92885985517657,41960600
2024-08-15,223.0479736328125,223.67329096872731,221.10255033510867,222.9288713384501,46414000
2024-08-16,224.3680877685547,225.1422830006272,221.98593577772976,222.25393109506462,44340200
2024-08-19,224.20925903320312,224.30852103873067,221.38045847347976,224.0405257400108,40687800
2024-08-20,224.82464599609375,225.47973889834265,223.7725353535306,224.0901616619868,30299000
2024-08-21,224.71548461914062,226.28373058529078,223.37553826276908,224.8346020684513,34765500
2024-08-22,222.85939025878906,226.64103964823346,222.23407290784718,226.09512887719345,43695300
2024-08-23,225.1521759033203,226.52191275369313,222.66085720360698,223.98096305377334,38677300
2024-08-26,225.4896697998047,225.58893181224732,222.22415556593285,225.07279660900764,30602200
2024-08-27,226.3333282470703,227.14723425887112,223.21669220638537,224.31843379232603,35934600
2024-08-28,224.80477905273438,228.14969931126205,224.00079323426468,226.22413169403993,38052200
2024-08-29,228.0802459716797,231.18696212304621,227.1770283167567,228.3879521456165,51906300
2024-08-30,227.29611206054688,228.68568922028223,225.78741746908054,228.4772602189495,52990800
2024-09-03,221.1124725341797,227.29611365629745,219.52437135882835,226.84946493362216,50190600
2024-09-04,219.20677185058594,220.12984491677884,215.86183603349318,220.01074262314262,43840200
2024-09-05,220.7253875732422,223.80231295165626,219.87178579311316,219.9809679444758,36615400
2024-09-06,219.17701721191406,223.5641288078718,218.1348266072838,222.28371844795942,48423000
2024-09-09,219.26629638671875,219.62361836951806,215.09755001756307,219.17696967733247,67180000
2024-09-10,218.47225952148438,219.83206111139577,215.1174037589381,217.29111136152258,51591000
2024-09-11,221.00331115722656,221.4301044903715,216.26879790334314,219.81224273641337,44587100
2024-09-12,221.1124725341797,221.88666769221828,218.18442519080247,220.8444772424724,37455600
2024-09-13,220.844482421875,222.37301734416337,220.25887596851652,221.91644846858938,36766600
2024-09-16,214.71047973632812,215.60377723416104,212.32832783334672,214.92882889414335,59357400
2024-09-17,215.17697143554688,215.28615358843467,212.904016801209,214.14471619981742,45519300
2024-09-18,219.04795837402344,221.05293280374121,215.92138686335736,215.9313221513165,59894900
2024-09-19,227.16709899902344,228.11004268622213,222.95865620671253,223.31597824995185,66781300
2024-09-20,226.5020751953125,231.3556905514529,225.92638886705737,228.2589097535001,318679900
2024-09-23,224.7849578857422,227.74278104335218,224.12986496132828,225.64847983003366,54146000
2024-09-24,225.67825317382812,227.64353192764617,224.05045616714196,226.94872814757065,43556100
2024-09-25,224.68568420410156,225.59883710649478,222.35317851779175,223.2563961324406,42308700
2024-09-26,225.82711791992188,226.79982188690562,223.73281698946673,225.6087536412769,36636700
2024-09-27,226.09512329101562,227.81226214161182,225.6087788258606,226.7601514881057,34026000
2024-09-30,231.266357421875,231.266357421875,227.9412771261621,228.3283747151782,54541900
2024-10-01,224.52688598632812,227.9412778656533,222.07526286618742,227.81225543239978,63285000
2024-10-02,225.0926513671875,225.67825786117984,221.36063294746157,224.2092739820147,32880600
2024-10-03,223.9908905029297,225.12240767637772,221.65838486968212,223.46483520314058,34044200
2024-10-04,225.1125030517578,226.30357145139808,222.46237094034984,226.20430944090455,37245100
2024-10-07,220.04051208496094,224.01074997862722,219.68319006872073,222.8296017820206,39505400
2024-10-08,224.09017944335938,224.29860847272343,221.58892507419034,222.6311156567822,31855700
2024-10-09,227.8320770263672,228.04052116337735,223.157130753936,223.55414845411647,33591100
2024-10-10,227.33583068847656,227.7924147414137,225.47974919262126,226.08521111865923,28183500
2024-10-11,225.85691833496094,227.70307961960657,225.6484741750507,227.5938974682738,31759200
2024-10-14,229.57901000976562,230.0058033150611,226.89910245149323,226.99834931201846,39882100
2024-10-15,232.1100616455078,235.7229778767219,230.64106257641825,231.8718418962686,64751400
2024-10-16,230.05543518066406,230.3929017691756,228.12986736523644,229.87678174389526,34082200
2024-10-17,230.42266845703125,232.1100316250369,228.80480686495974,231.69314333147315,32993800
2024-10-18,233.25146484375,234.42267769537074,232.2688255608399,234.42267769537074,46431500
2024-10-21,234.720458984375,235.08771628667242,232.7055644739604,232.7055644739604,36254500
2024-10-22,234.10508728027344,234.4624093106695,230.86934872103873,232.14974382855843,38846600
2024-10-23,229.04302978515625,233.39044533687328,226.0653512199268,232.33833466706656,52287000
2024-10-24,228.85446166992188,229.10260155629064,226.710529416834,228.26884002769643,31109500
2024-10-25,229.6881866455078,231.48471683213373,227.86188088691335,228.03061417648678,38802300
2024-10-28,231.66339111328125,232.98349712196287,230.81972458948547,231.58399967772363,36087100
2024-10-29,231.93138122558594,232.5864741436605,230.59143496071306,231.36563017470797,35417200
2024-10-30,228.387939453125,231.7328600109945,227.8420287171323,230.87925826342104,47070900
2024-10-31,224.2291259765625,228.11995749798112,223.69313535160188,227.63359787833264,64370100
2024-11-01,221.25144958496094,223.67329727363756,218.63109301833273,219.32588166379162,65276700
2024-11-04,220.35812377929688,221.13231895883285,218.0752491010658,219.34572401852256,44944500
2024-11-05,221.78741455078125,222.28369429475046,219.49460455688452,220.14969745378525,28111300
2024-11-06,221.06285095214844,224.387931303672,219.54423614319148,220.95366880237512,54561100
2024-11-07,225.78744506835938,226.18447798056903,222.89910825147632,222.95865940199351,42137700
2024-11-08,225.5191650390625,227.20836966100222,224.97265364792685,225.72782337627459,38328800
2024-11-11,222.80648803710938,224.26715706282306,220.093823487321,223.5716039938927,42005600
2024-11-12,222.80648803710938,224.1578547832826,221.94201602014732,223.12446381828886,40398300
2024-11-13,223.6908416748047,225.2111273985325,221.34582330978657,222.58788780053936,48566200
2024-11-14,226.77113342285156,227.41700079571672,223.5715745650122,223.5914518391994,44923900
2024-11-15,223.5715789794922,225.4793879673537,222.84621765747355,224.96268496170848,47923700
2024-11-18,226.57241821289062,228.28149999782985,223.74050538640262,223.8199993254601,44633700
2024-11-19,226.8307647705078,228.6988344551977,225.22105418122663,225.53901477922054,36211800
2024-11-20,227.54620361328125,228.4702922716314,224.45594670445817,226.61216873586113,35169600
2024-11-21,227.0692596435547,228.6988476019872,224.27710117470866,227.42697481306035,42108300
2024-11-22,228.41065979003906,229.25526960886552,226.6121530455377,226.6121530455377,38168300
2024-11-25,231.3916015625,231.76919395430343,228.28148292479264,229.99056458191066,90152800
2024-11-26,233.56771850585938,234.07449047305911,231.84870566104107,231.84870566104107,45986200
2024-11-27,233.43853759765625,234.1937224347506,232.32565277909848,232.9814664022851,33498400
2024-11-29,235.82330322265625,236.3002516789311,232.48463370489634,233.3192972938568,28481400
2024-12-02,238.0689697265625,239.26134854667043,235.65440375298792,235.76370602927642,48137100
2024-12-03,241.10952758789062,241.21882985808793,237.3833345065081,238.28756099978403,38861000
2024-12-04,241.46725463867188,242.56027739454964,239.7184333911867,241.32814402991647,44383900
2024-12-05,241.49705505371094,242.98753231090083,240.59284370740727,242.4410361127995,40033900
2024-12-06,241.29832458496094,243.0769692456264,240.5431549096241,241.36788746709487,36870600
2024-12-09,245.18350219726562,245.67039687977774,240.21524480725012,240.29473874492055,44649200
2024-12-10,246.19703674316406,246.63424582967986,243.7824557106041,245.32261857013248,36914800
2024-12-11,244.9251708984375,249.20780656351602,244.69662013013263,246.3858398593606,45205800
2024-12-12,246.38583374023438,247.1608807008323,244.12029436088807,245.32261935264157,32777500
2024-12-13,246.5547637939453,247.7073880681415,244.676762972136,246.24673423955153,33155300
2024-12-16,249.44627380371094,249.7841268474892,246.07779571830554,246.4156487620838,51694800
2024-12-17,251.8707733154297,252.21855739876366,248.19426586582333,248.49236434269267,51356400
2024-12-18,246.47528076171875,252.66572594292316,246.16725119368886,250.55918941684527,56774100
2024-12-19,248.20419311523438,250.400169527173,245.5213371883983,245.92873792847348,60882300
2024-12-20,252.8743896484375,253.3811464831127,244.13025293349912,246.4653249902114,147495300
2024-12-23,253.64942932128906,254.02700659111463,251.84097626600598,253.15260355822258,40858800
2024-12-24,256.5608215332031,256.5707374276886,253.66927695641888,253.868019379837,23234700
2024-12-26,257.37554931640625,258.44870970386563,255.9943897750778,256.55083207826743,27237100
2024-12-27,253.96739196777344,257.05766400729357,251.45345479939442,256.19316170058187,42355300
2024-12-30,250.59889221191406,251.8906421270002,249.15810064436016,250.6287005424076,35557500
2024-12-31,248.83021545410156,251.6720594492945,247.84649497663966,250.83739579916153,39480700
2025-01-02,242.3019256591797,247.51859606258614,240.28481431614935,247.34966196417784,55740700
2025-01-03,241.81503295898438,242.62981931594805,240.3543640210219,241.81503295898438,40244100
2025-01-06,243.4446258544922,245.7598357483754,241.6560500607284,242.75900387005615,45045600
2025-01-07,240.67233276367188,243.99112508347835,239.81779188041267,241.43743349025635,40856000
2025-01-08,241.1592254638672,242.1628232218062,238.52605495049286,240.38417847646193,37628900
2025-01-10,235.3463592529297,238.63534322792128,231.52079498772144,238.48628640867517,61710900
2025-01-13,232.91189575195312,233.180185891021,228.26161420500546,232.04742383507855,49630700
2025-01-14,231.7990264892578,234.62099318079112,230.99417118008773,233.25969544364762,39435300
2025-01-15,236.35989379882812,237.4429855317883,232.94172997653553,233.1504034772107,39832000
2025-01-16,226.8108673095703,236.49896863913588,226.58233172867128,235.8431702260379,71759100
2025-01-17,228.5199737548828,230.8153063545454,227.02949646555186,230.6463874145182,68488300
2025-01-21,221.22657775878906,222.99527628303537,217.9872792040061,222.57794445660952,98070400
2025-01-22,222.4090118408203,222.6971640978084,218.39465138442915,218.39465138442915,64126500
2025-01-23,222.2401123046875,225.58871322146769,220.88874557201237,223.3132578125695,60234800
2025-01-24,221.36566162109375,224.19757422629087,220.00436403066544,223.35296445648333,54697900
2025-01-27,228.40072631835938,230.67618150163648,222.5580508531902,222.5978054024586,94863400
2025-01-28,236.74740600585938,238.66516132615985,229.3447052045828,229.3844597561093,75707600
2025-01-29,237.84043884277344,238.33726462451705,232.52439691334908,232.63369919180946,45486100
2025-01-30,236.0816650390625,239.26134692510684,235.7040877651042,237.1548105184623,55658300
2025-01-31,234.5017547607422,245.62071750771995,231.95800933839706,245.62071750771995,100959800
2025-02-03,226.5624542236328,230.35820991583037,224.26712187534005,228.5298949466701,73063300
2025-02-04,231.32208251953125,231.64998934854387,225.21111642561868,225.80731341689966,45067300
2025-02-05,230.99415588378906,231.19288314320298,226.82082278842498,227.07916670947125,39620300
2025-02-06,231.7393798828125,232.31569951215815,228.96708399616557,229.8216248035516,29925300
2025-02-07,226.18487548828125,232.51443012315357,225.8172141561879,231.12332421282468,39707200
2025-02-10,226.45346069335938,229.378010419489,226.00582893863492,228.36338248973718,33115600
2025-02-11,231.3973388671875,233.99362125199642,226.93094812871882,227.000572314181,53718400
2025-02-12,235.625,235.71453849328682,229.4675323792709,229.98480349517558,45243300
2025-02-13,240.26052856445312,241.06626881430705,234.33186254170715,235.66481592241834,53614100
2025-02-14,243.31439208984375,244.25939586817944,239.72336558929686,239.981993568851,40896200
2025-02-18,243.18508911132812,243.89134891584123,240.56890729516905,242.8667637165237,48822500
2025-02-19,243.58294677734375,244.7169542759842,241.88194311867716,243.37405904734027,32204200
2025-02-20,244.5379180908203,245.4829218502696,243.00600383864503,243.65259654249155,32316900
2025-02-21,244.25938415527344,247.38287960480025,243.93111682470231,244.6572756706751,53197400
2025-02-24,245.80125427246094,247.55199828948733,243.1353323966777,243.64264638435856,51326400
2025-02-25,245.7415771484375,248.68602637934882,243.62278252512698,246.69653816831402,48013300
2025-02-26,239.09666442871094,243.6923767743236,237.87313357927937,243.04579925662603,44433600
2025-02-27,236.05276489257812,241.18564780716906,235.81402085750776,238.1516754344793,41153600
2025-02-28,240.56887817382812,240.8175641664438,228.9900589647863,235.70458076540925,56833400
2025-03-03,236.77891540527344,242.74737946323825,234.8690087281554,240.51914741730602,47184000
2025-03-04,234.68995666503906,238.80821160759587,233.4465266012979,236.46061504010896,53798100
2025-03-05,234.50096130371094,235.30670153327668,228.0251680036218,234.18263593082168,47227600
2025-03-06,234.09312438964844,236.60982567864426,231.93453157387603,233.207802772317,45170400
2025-03-07,237.81344604492188,240.10134501237943,233.5260868229449,233.8742532807345,46273600
2025-03-10,226.2843475341797,234.91873283818802,223.041487749586,234.30198127309518,72071200
2025-03-11,219.67926025390625,224.65298022983382,216.30707871737093,222.63365113389432,76137400
2025-03-12,215.83956909179688,220.58450266635003,213.78045671174684,218.98296406915986,62547500
2025-03-13,208.5779266357422,215.70029772842102,207.3245545879158,214.81497612462363,61368300
2025-03-14,212.36790466308594,212.8254784087618,208.4784519318959,210.13967261110687,60107600
2025-03-17,212.87522888183594,214.08881784956162,208.86641153353526,212.18885305172668,48073400
2025-03-18,211.57211303710938,214.019174884069,210.3784232206469,213.0343879953175,42432400
2025-03-19,214.10870361328125,217.6101915579757,212.6265295918345,213.0940604852241,54385400
2025-03-20,212.97471618652344,216.34689805154306,211.1045924362575,212.86529372925065,48862900
2025-03-21,217.12277221679688,217.68976839110027,210.16950634984832,210.4480334492585,94127800
2025-03-24,219.56983947753906,220.3158974796034,217.4311459430569,219.8384246082871,44299500
2025-03-25,222.57395935058594,222.9221258053629,218.9232508666907,219.60962662242414,34493600
2025-03-26,220.3656463623047,223.83730853242594,219.3112201065871,222.33523531503357,34466100
2025-03-27,222.67344665527344,223.80745418869535,219.40073045135125,220.22636977863218,37094800
2025-03-28,216.7547149658203,222.6336557419088,216.5358700680628,220.504904155295,39818600
2025-03-31,220.9624786376953,224.4341253115235,215.09348022110552,215.86937928840504,65299300
2025-04-01,222.01690673828125,222.5043215641154,217.74944665223015,218.65466729819107,36412700
2025-04-02,222.71324157714844,224.00641185945875,219.8583310514353,220.15675729790527,35905900
2025-04-03,202.1220245361328,206.39942653372108,200.19221885499383,204.45966369883956,103419000
2025-04-04,187.389892578125,198.82944937179326,186.35535024633944,192.87092693410324,125910900
2025-04-07,180.50625610351562,193.12954493623218,173.70219548773406,176.26863687444822,160466300
2025-04-08,171.5137481689453,189.33955773730443,168.32062862424334,185.71869040589692,120859500
2025-04-09,197.8048553466797,199.55559936553783,170.98654976711688,171.04623198001363,184395900
2025-04-10,189.4191436767578,193.7562279640405,182.03814529024513,188.07624843340898,121880000
2025-04-11,197.10850524902344,198.4911987157403,185.08205468111316,185.12185293864357,87435900
2025-04-14,201.45556640625,211.8207974391945,200.10271391024364,210.32868138530173,101352900
2025-04-15,201.07754516601562,202.44033954558066,198.74984792281177,200.7990180691496,51343900
2025-04-16,193.24891662597656,199.64511311117855,191.35889396287376,197.31741584829123,59732400
2025-04-17,195.9446563720703,197.78493872612725,193.39811432307044,196.16350125239885,52164700
2025-04-21,192.144775390625,192.78141101209272,188.81237656005126,192.2541978495612,46742500
2025-04-22,198.69017028808594,200.53043756485187,194.93998119085117,195.08918671811182,52976400
2025-04-23,203.52464294433594,206.9067667134076,201.7341005812904,204.9172785719325,52929200
2025-04-24,207.27481079101562,207.73239972806866,201.87335793866913,203.81310578126346,47311000
2025-04-25,208.18002319335938,208.6475540878433,205.1162098506388,205.28531450927932,38222300
2025-04-28,209.03549194335938,210.38834431536768,206.36958545714222,208.8962283982374,38743100
2025-04-29,210.09988403320312,211.12446912484504,207.27479957627347,207.59312493762445,36827600
2025-04-30,211.3831024169922,212.4574277707069,205.5837430092506,208.19992461631293,52286500
2025-05-01,212.19879150390625,213.43226431553572,207.8020097882055,207.98107159612528,57365700
2025-05-02,204.2706756591797,205.90205512568554,201.09744003856807,205.00677646592024,101010600
2025-05-05,197.84463500976562,203.02725796650907,197.1682163705072,202.03251395918386,69018500
2025-05-06,197.46664428710938,199.5953960373684,195.98448530396325,197.16823320230833,51216500
2025-05-07,195.218505859375,198.39174158064424,192.23427392267118,198.1231564563361,68536700
2025-05-08,196.45199584960938,198.99853803284546,193.65675249053749,196.68078271707188,50478900
2025-05-09,197.4865264892578,199.48595647897335,196.50172445806652,197.95405738682032,36453900
2025-05-12,209.95704650878906,210.435160708662,205.93301745006437,210.13634313336473,63775800
2025-05-13,212.0885772705078,212.55672123163643,208.17411437678524,209.59845628513955,51909300
2025-05-14,211.490966796875,213.09460539099953,209.7478820292828,211.5905625216416,49325800
2025-05-15,210.61444091796875,212.11848379882832,208.71198473801002,210.11641669484823,45029500
2025-05-16,210.42518615722656,211.73002236916358,208.9410837213976,211.52084551122164,54737900
2025-05-19,207.9550018310547,208.65223273202483,203.45285841572866,207.0884445111699,46140500
2025-05-20,206.04258728027344,207.64622592622177,204.2198167548668,206.84938410987283,42496600
2025-05-21,201.2914276123047,206.22186440009241,199.91689108628387,204.3592586621154,59211800
2025-05-22,200.56431579589844,201.94882252859867,198.91087172706415,199.91689038506837,46742400
2025-05-23,194.49838256835938,196.91877297523902,192.6955373289648,192.9046989896,78432900
2025-05-27,199.41885375976562,199.94675818770216,196.64982526808055,197.51639769762102,56288500
2025-05-28,199.62803649902344,201.9289060786693,199.11008702875665,199.79736291846774,45339700
2025-05-29,199.15988159179688,203.0046291598645,197.72556941325453,202.77554227533128,51396800
2025-05-30,200.05633544921875,201.1619498266407,196.00241099917397,198.5821728136608,70819900
2025-06-02,200.90298461914062,201.3312933884623,199.3292261245183,199.4885975362889,35423300
2025-06-03,202.46676635742188,202.9647905668523,200.16589694161215,200.55435521702816,46381600
2025-06-04,202.01856994628906,205.42505409163678,201.30141378953226,202.10821066626008,43604000
2025-06-05,199.83718872070312,203.9409031289377,199.35907456166248,202.69584267027508,55126100
2025-06-06,203.11419677734375,204.8871617909174,201.2515910514923,202.19783403313102,46607700
2025-06-09,200.65394592285156,205.18596915505242,199.22960401477,203.58233063284266,72862600
2025-06-10,201.869140625,203.54250994980842,199.77744796710627,199.8073282051838,54672600
2025-06-11,197.99452209472656,203.69192080198684,197.62598900862739,202.6958722895077,60989900
2025-06-12,198.412841796875,198.8909407818671,196.58011635566137,198.29332085025015,43904600
2025-06-13,195.67372131347656,199.57822954037988,194.92668495173118,198.94075911963023,51447300
2025-06-16,197.6359100341797,197.90484734187737,195.78325951163526,196.52034075556938,43020700
2025-06-17,194.86691284179688,197.60604600468164,194.43861931524052,196.42074594971083,38856200
2025-06-18,195.80320739746094,196.7893008408277,194.2991796996429,195.16573699325735,45394700
2025-06-20,200.20574951171875,200.90298042554332,196.08210930882012,197.45666110928434,96813500
2025-06-23,200.70376586914062,201.50060768152076,198.17380945321412,200.83325703321927,55814300
2025-06-24,199.50851440429688,202.63610603642124,199.4089034764897,201.78945874554142,54064000
2025-06-25,200.76353454589844,202.8651975026319,199.82724651799433,200.65396860223956,39525700
2025-06-26,200.20574951171875,201.8392684520338,198.67184150130464,200.63404307360597,50799100
2025-06-27,200.28543090820312,202.41697405518968,199.20969672208463,201.09222774816857,73188600
2025-06-30,204.3592529296875,206.57048164253425,198.4726031076903,201.211736268348,91912800
2025-07-01,206.99879455566406,209.35942450018746,205.3254252695324,205.85332972802502,78788900
2025-07-02,211.6005401611328,212.49697770796604,207.31752868499885,208.08449026524102,67941800
2025-07-03,212.70614624023438,213.8017903991559,210.97301649264048,211.31166931275297,34955800
2025-07-07,209.12037658691406,215.37555986284275,207.97492690746134,211.83958469799765,50229000
2025-07-08,209.18011474609375,210.59450162142676,207.6262817055446,209.26977065111936,42848900
2025-07-09,210.3056640625,210.49491569520316,206.40115605631001,208.70202548866368,48749400
2025-07-10,211.57066345214844,212.63642743345136,209.2000631819418,209.67816220166208,44443600
2025-07-11,210.32559204101562,211.29176024279,209.03072603053,209.73792710960444,39765800
2025-07-14,207.7956085205078,210.07656782568804,206.719874444485,209.10042946873696,38840100
2025-07-15,208.28369140625,211.05270487364396,208.09443976951917,208.39325734338402,42296300
2025-07-16,209.3295440673828,211.5606828488181,207.8155461810567,209.4689902412225,47490500
2025-07-17,209.1901092529297,210.9630743588066,208.7618004967043,209.7379389650813,48068100
2025-07-18,210.3455047607422,210.95309492429405,208.87135730762196,210.0367321724359,48974600
2025-07-21,211.640380859375,214.92734394651046,210.79374875413163,211.26189276464606,51377400
2025-07-22,213.55276489257812,214.10059453691545,211.39134174900357,212.29774941522606,46404100
2025-07-23,213.3037872314453,214.29983576430007,211.5706725113145,214.15043456376964,46989300
2025-07-24,212.91531372070312,214.83769515517375,212.68622683006964,213.05475989741393,46022600
2025-07-25,213.03485107421875,214.38947759784276,212.5567368669443,213.85160291428238,40268800
2025-07-28,213.2041778564453,214.00101967144602,212.2180844005514,213.18425263148458,37858000
2025-07-29,210.43515014648438,213.96115480223384,209.9869314052821,213.33363944545516,51411700
2025-07-30,208.2239227294922,211.55072076453234,206.89917652304968,211.06265157316113,45512500
2025-07-31,206.74978637695312,209.01080544085684,206.3414028602417,207.66614913739534,80698400
2025-08-01,201.58030700683594,212.7360475386617,200.7037794341265,210.03674932642843,104434500
2025-08-04,202.54644775390625,207.05854577965718,200.88303355505576,203.70185234439666,75109300
2025-08-05,202.11814880371094,204.52858421879685,201.36115745633876,202.59624780213056,44155100
2025-08-06,212.4073486328125,214.5289368613384,204.77761325937152,204.81746371165528,108483100
2025-08-07,219.16053771972656,219.97730473834642,215.7241736307253,218.01508808955717,90224800
2025-08-08,228.4437255859375,230.08719950298993,218.38362983130105,219.95738825778145,113854000
2025-08-11,226.53909301757812,228.91238364576833,224.12592192869855,227.27701087414155,61806100
2025-08-12,229.00213623046875,230.14890113463383,226.42942796921326,227.36676338645532,55626200
2025-08-13,232.6717529296875,234.33703985510917,229.77992501054072,230.4181341091737,69878500
2025-08-14,232.12330627441406,234.4567012802976,230.19875827485632,233.39969406647393,51916300
2025-08-15,230.93666076660156,233.61907447658757,228.69300821277216,233.3398655982593,56038700
2025-08-18,230.23863220214844,232.46233685580373,229.46083388892833,231.04634466466607,37476200
2025-08-19,229.90956115722656,232.2130419457167,228.70298322789472,230.62753117126795,39402600
2025-08-20,225.3723907470703,229.81981519856654,225.13307755654054,229.33119207499826,42263900
2025-08-21,224.26551818847656,225.88095827873425,223.14868274098328,225.63166356522294,30621200
2025-08-22,227.11746215820312,228.44371192910324,224.77410085849388,225.53195134940427,42477800
2025-08-25,226.5191650390625,228.65312729963858,225.59178073979155,225.84107546750252,30983100
2025-08-26,228.6630859375,228.84258604761433,224.05612439304167,226.22996704217394,54575100
2025-08-27,229.83978271484375,230.24861452224957,227.61606269083353,227.96508141122786,31259500
2025-08-28,231.90391540527344,232.7515235304584,228.692998228932,230.16883391080088,38074700
2025-08-29,231.485107421875,232.7216147258446,230.71727541448905,231.85405874294378,39418400
2025-09-02,229.07192993164062,230.19874691737337,226.3296880547272,228.60325464814514,44075600
2025-09-03,237.79725646972656,238.17618932549604,233.69885053091846,236.5408165177042,66427800
2025-09-04,239.10353088378906,239.22318747047024,236.07211403385233,237.7772812570227,47549400
2025-09-05,239.01380920410156,240.63921565449175,237.8171975861315,239.3229322237051,54870400
2025-09-08,237.20892333984375,239.47250850410185,235.6732593017711,238.62491556233425,48999500
2025-09-09,233.6888885498047,238.10638391026913,232.70167593051625,236.33140663047269,66313900
2025-09-10,226.1501922607422,231.76431424305812,225.31256565050364,231.53496736029473,83440800
2025-09-11,229.38107299804688,229.7998863317909,226.01060327291316,226.23996538709508,50208600
2025-09-12,233.40968322753906,233.84842918261825,228.373926506362,228.57335925244223,55824200
2025-09-15,236.03224182128906,237.5180438551372,234.36695488957946,236.33139853346725,42699500
2025-09-16,237.4781494140625,240.53949594661788,235.65332541334,236.51088466190768,63421100
2025-09-17,238.3157958984375,239.42266510979977,237.05934071942244,238.2958480596019,46508000
2025-09-18,237.20892333984375,240.51954939992544,235.98238232851827,239.29302360434258,44249600
2025-09-19,244.8074188232422,245.60516498271895,239.53234916144805,240.5494606794321,163741300
2025-09-22,255.35755920410156,255.9160073848096,247.42002368458668,247.5995237986898,105517400
2025-09-23,253.7122344970703,256.6140289111009,252.86464151383097,255.15815615601056,60275200
2025-09-24,251.59820556640625,255.01853710208397,250.33178410429736,254.49999981420794,42303700
2025-09-25,256.14532470703125,256.4444966190252,250.99989343760635,252.49566170312627,55202100
2025-09-26,254.7393341064453,256.8732963908738,253.06406560531616,253.38317016390945,46076300
2025-09-29,253.7122344970703,254.28063380560434,252.29624220529692,253.8418726304012,40127700
2025-09-30,253.9116668701172,255.1980209495745,252.39595068950493,254.1410137555297,37704300
2025-10-01,254.72933959960938,258.0599285933123,254.21080232618834,254.32049261064776,48713900
2025-10-02,256.40460205078125,257.45162766856953,253.43299812845933,255.85613542550084,42630200
2025-10-03,257.2920837402344,258.5086431914624,253.23357360959045,253.9515436206674,49155600
2025-10-06,255.9658660888672,258.339156849437,254.33049322602108,257.262186546101,44664100
2025-10-07,255.75645446777344,256.6738420114173,254.70939836699205,256.0855101139428,31955800
2025-10-08,257.33197021484375,257.7906639625656,255.3874592951906,255.7963062732735,36496900
2025-10-09,253.32330322265625,257.27213808351553,252.42584836214985,257.08267167133846,38322000
2025-10-10,244.57806396484375,255.6567217403356,243.3116425485481,254.2207817432353,61999100
2025-10-13,246.96133422851562,248.98560621270488,244.86725241658198,248.67648318296307,38142900
2025-10-14,247.07101440429688,248.14796941642882,244.00966795095763,245.90431694508948,35478000
2025-10-15,248.63658142089844,251.10959602979932,246.77186176083558,248.78616738422895,33893600
2025-10-16,246.7519073486328,248.33741809379524,244.43846029169785,247.54965348458146,39777000
2025-10-17,251.5782470703125,252.66518358811555,246.57242016484557,247.3203043073955,49147000
2025-10-20,261.50018310546875,263.63416054313814,254.90884523128253,255.168106265739,90483000
2025-10-21,262.0286865234375,264.5415968076956,261.0913359303388,261.141213133835,46695900
2025-10-22,257.7209167480469,262.1084981259862,254.70941678507808,261.9090501595624,45015300
2025-10-23,258.8476867675781,259.8847613495841,257.28213901467177,259.206686997747,32754900
2025-10-24,262.07855224609375,263.3848541030092,258.44880663072195,260.4531458541269,38253700
2025-10-27,268.0516357421875,268.3607587413759,263.9033682058253,264.13273028939324,44888200
2025-10-28,268.2410888671875,269.12859257872884,267.39348082722177,268.23110734142335,41534800
2025-10-29,268.93914794921875,270.6443152614699,266.35642794866993,268.5203194424725,51086700
2025-10-30,270.63433837890625,273.36662916750566,267.72259312931254,271.2226702585742,69886500
2025-10-31,269.60723876953125,276.53764389728985,268.4006608909581,276.2085578376442,86167100
2025-11-03,268.2909851074219,270.08592548154905,265.4988962118729,269.6571458353552,50194600
2025-11-04,269.2781982421875,270.72408938596277,266.86501191822913,267.5730004152706,49274800
2025-11-05,269.3778991699219,270.93349568379296,266.17693326929896,267.8521863717013,43683100
2025-11-06,269.0089416503906,272.6287059365568,267.1342708755924,267.1342708755924,51204000
2025-11-07,267.7126159667969,271.5218466038475,266.0173996929098,269.03885049148494,48227400
2025-11-10,268.9303283691406,273.2223721938244,266.9639805623884,268.46119877683986,41312400
2025-11-11,274.73956298828125,275.3983427074405,269.2996575494418,269.3096487524697,46208300
2025-11-12,272.962890625,275.2187095291286,271.19618380015726,274.49005224267427,48398000
2025-11-13,272.4438171386719,276.1868626363035,271.58539619817094,273.6016390736082,49602800
2025-11-14,271.90484619140625,275.4482508823214,269.10005949599775,270.5473523374902,47431300
2025-11-17,266.9639892578125,269.98836893107386,265.237217022597,268.3214829895084,45018300
2025-11-18,266.94403076171875,270.20795552947055,264.8279672087311,269.48928956232544,45677300
2025-11-19,268.0619812011719,271.70520656667077,265.0076580872151,265.0376012369211,40424500
2025-11-20,265.7562561035156,274.91922505965954,265.42688147061517,270.327749378444,45823600
2025-11-21,270.98651123046875,272.8230952896135,265.17732758833057,265.4568071090486,59030800
2025-11-24,275.4083557128906,276.48633959077114,270.397645153795,270.397645153795,65585800
2025-11-25,276.45635986328125,279.8600396675645,274.7395483878858,274.75950033189645,46914200
2025-11-26,277.0353088378906,279.0116481613461,276.11703191175064,276.4464065684995,33431400
2025-11-28,278.3328857421875,278.4826014787427,275.4781737009374,276.7458380127342,20135600
2025-12-01,282.57501220703125,282.89442609469603,275.62792768573877,277.4944549964911,46587700
2025-12-02,285.6592712402344,286.86701880065203,282.10587559562896,282.47518456741903,53669500
2025-12-03,283.623046875,288.0847586222564,282.77461708045536,285.6692634925469,43538700
2025-12-04,280.179443359375,284.20196835267484,278.07334059490756,283.5731318378766,43989100
2025-12-05,278.26300048828125,280.6186397013617,277.53434330937836,280.01974631085085,47265800
2025-12-08,277.3746643066406,279.15136205700173,275.6378704438954,277.6142094762677,38211800
2025-12-09,276.6659851074219,279.5107061083118,276.4064879695729,277.6441787437343,32193300
2025-12-10,278.26300048828125,279.2312028389952,275.92734368017386,277.23491184461454,33038300
2025-12-11,277.514404296875,279.07150890817053,273.3022288840155,278.5824273392719,33248000
2025-12-12,277.763916015625,278.70217518025987,276.30663218031253,277.38461586894516,39532900
2025-12-15,273.6016540527344,279.63046152672615,272.33402020742307,279.63046152672615,50409100
2025-12-16,274.1007385253906,274.9891026980292,271.2859911871425,272.3140798989353,37648600
2025-12-17,271.33587646484375,275.6478724530811,271.13626563598973,274.50001118897205,50138700
2025-12-18,271.68524169921875,273.12257373871984,266.4549687260805,273.1025913325419,51630700
2025-12-19,273.1625061035156,274.09077415448866,269.399477884542,271.6453053723066,144632000
2025-12-22,270.4674987792969,273.37210596231955,270.00836035897595,272.3539780142796,36571800
2025-12-23,271.85491943359375,271.99467443806464,269.06012395403746,270.3377490962612,29642000
2025-12-24,273.3022155761719,274.9192064044749,271.69521595033444,271.8349404799371,17910600
2025-12-26,272.89300537109375,274.8593534534055,272.35399820928086,273.65160578690546,21521800
2025-12-29,273.2523498535156,273.8512128461511,271.8449608988494,272.1843267483383,23715200
2025-12-30,272.57354736328125,273.57169281796894,271.77504318392386,272.30405905646904,22139600
2025-12-31,271.3558349609375,273.17246717497864,271.24605357156486,272.553621806917,27293600
2026-01-02,270.5074462890625,277.32476727085935,268.5011639041959,271.7551282774649,37838100
2026-01-05,266.764404296875,271.00652312062255,265.64648609237463,270.1381413175191,45647200
2026-01-06,261.87347412109375,267.05385240251036,261.63392891626114,266.5048844877732,52352100
2026-01-07,259.84722900390625,263.1910228349833,259.3282042611396,262.7119324450406,48309800
2026-01-08,258.55963134765625,258.80916773471864,255.22581364132833,256.5433578451618,50419300
2026-01-09,258.8890075683594,259.7274461787287,255.74485516422806,258.5995368285105,39997000
2026-01-12,259.7673645019531,260.81540508500296,256.32375036738995,258.679389570116,45263800
2026-01-13,260.5658874511719,261.3244878277737,257.9108470550362,258.24022168851656,45730800
2026-01-14,259.4779052734375,261.33447181199796,256.23393227813756,259.0087756526009,40019400
2026-01-15,257.7311706542969,260.55593980217856,256.57331808587395,260.16664839115424,39388600
2026-01-16,255.05612182617188,258.41986733264514,254.4572284259222,257.4217218192236,72142800
2026-01-20,246.2425079345703,254.31750190322293,242.9685916985444,252.26132447540706,80267500
2026-01-21,247.1907501220703,251.09350304772093,244.72532928784554,248.23880604127606,54641700
2026-01-22,247.8894500732422,250.53452965267718,247.68980878155546,248.737864640942,39708300
2026-01-23,247.58001708984375,248.94748685874615,244.22624741136653,246.86136630134166,41689000
2026-01-26,254.93637084960938,256.08423219515316,249.33677343540953,251.01365072947274,55969200
2026-01-27,257.7910461425781,261.4642450011371,257.73115984508394,258.6894015269614,49648300
2026-01-28,255.96444702148438,258.3799421919039,254.03801819206552,257.1721946066941,41288000
2026-01-29,257.801025390625,259.16847988830324,253.93820707645818,257.52154586161765,67253000
2026-01-30,258.99884033203125,261.4143357105436,251.71235892004358,254.6968198516284,92443400
2026-02-02,269.50927734375,269.98836769074944,258.72928762151224,259.5477742456141,73913400
2026-02-03,268.98028564453125,271.3758289780004,267.11372779647115,268.70080609664296,64394700
2026-02-04,275.97723388671875,278.432693698261,271.7850411492978,271.7850411492978,90545700
2026-02-05,275.3983459472656,278.98168486317746,272.72332314901723,277.6142303156022,52977400
2026-02-06,277.6042175292969,280.3890519626743,276.4164219647768,276.6060720438839,50453400
2026-02-09,274.3672180175781,277.9439398399519,271.4499228389202,277.6541982366954,44623400
2026-02-10,273.4280700683594,275.11651686144285,272.68876099546605,274.6369782150198,34376900
2026-02-11,275.24639892578125,279.92208361183503,274.1973776592452,274.44714753122867,51931300
2026-02-12,261.4891052246094,275.46621856633783,259.94051360693726,275.3363333447182,81077200
2026-02-13,255.5445556640625,261.9886306947134,255.21485759663088,261.7688319830923,56290700
2026-02-17,263.6371154785156,266.0449008431299,255.30478047881587,257.8124646511843,58469100
2026-02-18,264.106689453125,266.57441720150126,262.20844437502524,263.35737977838915,34203300
2026-02-19,260.3401184082031,264.2365527856389,259.81060750150084,262.35827847824623,30845300
2026-02-20,264.3364562988281,264.5063132392292,257.9223826043077,258.73163460792017,42070500
2026-02-23,265.9349670410156,269.1819753311392,263.13755670993424,263.24744081710827,37308200
2026-02-24,271.8895263671875,274.6369951599546,267.46358073991865,267.61343657617186,47014600
2026-02-25,273.97760009765625,274.6869380517792,270.8005039088116,271.5298429675081,33714300
2026-02-26,272.6987609863281,275.8558253670768,270.55071567552415,274.6969199809464,32345100
2026-02-27,263.93682861328125,272.5588900215503,262.6480379442022,272.5588900215503,72366500
2026-03-02,264.476318359375,266.2846497598317,259.960490133898,262.16844722421786,41827900
2026-03-03,263.5072326660156,265.31556422164516,259.8905695547566,263.23749216234586,38568900
2026-03-04,262.2783508300781,265.9050144519466,261.179387723623,264.4063951364299,39803100
2026-03-05,260.0504150390625,261.3192350446657,257.01320478174756,260.54995479568396,49658600
2026-03-06,257.2229919433594,258.53178361058343,254.13584003818684,258.39192833924307,41120000
2026-03-09,259.6407775878906,260.9095975388004,253.44647267699952,255.45463216869055,38218500
2026-03-10,260.58990478515625,262.2384104290217,256.71350175461305,257.4128391437035,30590800
2026-03-11,260.5699157714844,261.888707997661,259.3110658747261,260.8496568052655,26218900
2026-03-12,255.52456665039062,258.71164792954545,253.94601921584928,258.4219063383753,40794000
2026-03-13,249.8897705078125,256.0940459350445,249.29033192864068,255.24483747003174,36930000
2026-03-16,252.58729553222656,253.6563027081548,249.6499992581203,251.87794235419486,32074200
2026-03-17,253.99598693847656,254.89516767044782,251.94787083452104,252.72716690012706,32361600
2026-03-18,249.70994567871094,254.70534343896443,248.7708084606242,252.3974721128864,35757900
2026-03-19,248.73085021972656,251.5982036354298,247.0723745163624,249.17043241392184,34864100
2026-03-20,247.76173400878906,248.97061168291066,245.77356028907465,247.7517334570195,88331100
2026-03-23,251.25851440429688,254.3656523266213,250.0496214753341,253.73622734962268,40546100
2026-03-24,251.4083709716797,254.5954370944537,249.32029842391177,250.1195650925759,45152300
2026-03-25,252.38746643066406,254.76528059453105,251.3684162845015,253.86611511385965,28476700
2026-03-26,252.6572265625,256.76344411909713,250.53918279672283,251.88793104116345,41796700
2026-03-27,248.57098388671875,255.2548282141602,247.8416601166152,253.666280215245,47900000
2026-03-30,246.40298461914062,250.63907198816298,245.28400520065438,249.83982057534305,39446200
2026-03-31,253.55638122558594,255.24482803058763,246.87255213324852,247.6818040942864,49598100
2026-04-01,255.3946990966797,255.94418062939917,253.096813183035,253.8461228128272,40059400
2026-04-02,255.68443298339844,255.89424639361263,250.4192795609811,253.96601496217014,31289400
2026-04-06,258.6217041015625,261.9186847371787,256.2239194053331,256.27389167390277,29329900
2026-04-07,253.26666259765625,255.96418954301222,245.47383916108728,255.92421782448065,62148000
2026-04-08,258.66168212890625,259.51090582044134,256.29386854025813,258.2121146377317,41032800
2026-04-09,260.2502136230469,260.879638597066,255.8342992320816,258.7615948993736,28121600
2026-04-10,260.240234375,261.94865175168746,258.78155637925676,259.7406946341393,31291500
2026-04-13,258.96142578125,259.9405042051452,256.4237552437805,259.49093671136296,36234700
2026-04-14,258.59173583984375,261.68888841493145,256.9532612999924,259.01136264890187,48370700
2026-04-15,266.18475341796875,266.3146386359468,257.57269269729437,257.92237663273806,49913500
2026-04-16,263.15753173828125,266.91408037974617,261.0294875448873,266.55439590858066,43323100
2026-04-17,269.98126220703125,272.0493335842862,266.47448343207725,266.7142527536172,61436200
2026-04-20,272.79864501953125,274.0275237795767,270.04120633500696,270.08114756253855,36590200
2026-04-21,265.9250183105469,272.5488901425708,265.1557075406741,271.250098918132,50209800
2026-04-22,272.9185791015625,273.48803128351057,266.62435952726383,267.5734973129919,43249200
2026-04-23,273.1783142089844,275.5161566987003,271.39995382845746,274.79681820267325,33399600
2026-04-24,270.81048583984375,272.80864483253174,269.4017800912603,272.50893317942314,38157100
2026-04-27,267.3636474609375,268.1129570778125,264.8260075108844,265.84505761361925,41466800
2026-04-28,270.4608154296875,272.97851539952296,268.4127145556596,272.0893199684016,40018900
2026-04-29,269.92132568359375,270.7905199823619,266.7942019267937,267.3037117460274,30047900
2026-04-30,271.1002502441406,275.7459641951834,267.893213328058,270.25102650288807,91848200
2026-05-01,279.88214111328125,286.95561044034525,278.1137509144006,278.6032901046287,79915400
2026-05-04,276.5751647949219,280.3716851917065,274.60697695873915,279.4025768563376,46668400
2026-05-05,283.9184265136719,284.30808218316156,276.2455026895375,276.6750995896243,49311700
2026-05-06,287.245361328125,287.76487170009636,280.8112868075762,281.66051049385584,58336100
2026-05-07,287.1754150390625,291.8611003514943,285.5169394038565,289.00371711581823,45224300
2026-05-08,293.0500183105469,294.4886952888782,289.7330669166447,289.7430674686918,52692800
2026-05-11,292.67999267578125,293.8800048828125,290.2300109863281,291.9800109863281,42247300
2026-05-12,294.79998779296875,295.2699890136719,292.55999755859375,292.55999755859375,45748100
2026-05-13,298.8699951171875,300.9200134277344,293.5,293.5,52684300
2026-05-14,298.2099914550781,300.45001220703125,295.3800048828125,299.82000732421875,35324900
2026-05-15,300.2300109863281,303.20001220703125,296.5199890136719,297.8999938964844,54862800
2026-05-18,297.8399963378906,300.6600036621094,294.9100036621094,300.239990234375,34483000
2026-05-19,298.9700012207031,300.510009765625,296.3500061035156,296.9700012207031,42243600
2026-05-20,302.25,302.79998779296875,298.0799865722656,298.17999267578125,38229800
2026-05-21,304.989990234375,305.5400085449219,300.3999938964844,301.05999755859375,42965100
2026-05-22,308.82000732421875,311.3999938964844,305.8399963378906,306.1199951171875,43670200
2026-05-26,308.3299865722656,311.82000732421875,307.6700134277344,309.55999755859375,48000500
2026-05-27,310.8500061035156,313.260009765625,308.29998779296875,308.3299865722656,50430900
2026-05-28,312.510009765625,312.79998779296875,309.57000732421875,310.67999267578125,48220400
2026-05-29,312.05999755859375,315.0,309.5299987792969,311.7799987792969,70026800
2026-06-01,306.30999755859375,310.94000244140625,305.0199890136719,309.6300048828125,48849900
2026-06-02,315.20001220703125,315.45001220703125,306.69000244140625,307.4599914550781,44534700
2026-06-03,310.260009765625,316.94000244140625,308.8500061035156,314.17999267578125,50836700
2026-06-04,311.2300109863281,313.5400085449219,309.6499938964844,313.2300109863281,44869100
2026-06-05,307.3399963378906,315.1700134277344,307.1499938964844,312.8599853515625,65310500
2026-06-08,301.5400085449219,317.3999938964844,301.1700134277344,308.739990234375,77949100
2026-06-09,290.54998779296875,300.75,287.7799987792969,300.2799987792969,70108800
2026-06-10,291.5799865722656,294.75,287.3800048828125,290.739990234375,52793300
2026-06-11,295.6300048828125,297.0,289.5899963378906,293.7200012207031,42572500
2026-06-12,291.1300048828125,297.1400146484375,289.6199951171875,296.0299987792969,38742100
2026-06-15,296.4200134277344,297.7799987792969,291.70001220703125,294.1199951171875,45732600
2026-06-16,299.239990234375,300.4800109863281,293.9700012207031,295.25,39874400
2026-06-17,295.95001220703125,302.07000732421875,294.3599853515625,300.8500061035156,42745100
2026-06-18,298.010009765625,300.57000732421875,295.6199951171875,298.1099853515625,85962200
2026-06-22,297.010009765625,302.4200134277344,296.760009765625,297.30999755859375,44879900
2026-06-23,294.29998779296875,301.6400146484375,294.17999267578125,297.5400085449219,52010900
2026-06-24,293.0799865722656,299.70001220703125,292.94000244140625,295.3599853515625,53081900
2026-06-25,275.1499938964844,288.79998779296875,273.75,287.3999938964844,107013700
2026-06-26,283.7799987792969,285.95001220703125,274.2099914550781,275.0,261775500
2026-06-29,281.739990234375,288.3699951171875,279.8500061035156,286.7300109863281,66427000
2026-06-30,289.3599853515625,289.94000244140625,280.70001220703125,281.1700134277344,65100200
2026-07-01,294.3800048828125,296.5899963378906,289.20001220703125,293.44000244140625,50164200
2026-07-02,308.6300048828125,309.4200134277344,293.67999267578125,294.1199951171875,75352800
2026-07-06,312.6600036621094,314.20001220703125,307.0,307.3599853515625,53590000
2026-07-07,310.6600036621094,315.4800109863281,310.1499938964844,315.2900085449219,42490000
2026-07-08,313.3900146484375,314.82000732421875,307.04998779296875,311.9100036621094,41323500
2026-07-09,316.2200012207031,316.5299987792969,308.1600036621094,310.510009765625,48124500
2026-07-10,315.32000732421875,316.9100036621094,312.1700134277344,314.7200012207031,34132300
2026-07-13,317.30999755859375,323.45001220703125,315.7799987792969,317.0199890136719,43257800
2026-07-14,314.8599853515625,316.19000244140625,311.9100036621094,313.760009765625,36336800
2026-07-15,327.5,328.7300109863281,317.32000732421875,317.6199951171875,60957600
2026-07-16,333.260009765625,334.67999267578125,326.7900085449219,328.010009765625,62970600
2026-07-17,333.739990234375,334.989990234375,329.0,331.9800109863281,63407100
2026-07-20,326.5899963378906,333.7099914550781,323.67999267578125,333.510009765625,53468000
2026-07-21,327.739990234375,329.6000061035156,322.2200012207031,323.1300048828125,41338900
2026-07-22,325.8900146484375,329.0,323.3399963378906,327.8699951171875,38755900
2026-07-23,321.6600036621094,323.29998779296875,319.3500061035156,321.7300109863281,40840800
2026-07-24,333.0199890136719,334.3699951171875,321.6199951171875,322.0400085449219,45388735
